"id","site","job_url","job_url_direct","title","company","location","date_posted","job_type","salary_source","interval","min_amount","max_amount","currency","is_remote","job_level","job_function","listing_type","emails","description","company_industry","company_url","company_logo","company_url_direct","company_addresses","company_num_employees","company_revenue","company_description","skills","experience_range","company_rating","company_reviews_count","vacancy_count","work_from_home_type"
"in-e3d9c048b63b5a13","indeed","https://sg.indeed.com/viewjob?jk=e3d9c048b63b5a13","https://careers.wipro.com/job/Singapore-Developer-L4-486025/1159266555/?feedId=420455&utm_source=Indeed","Developer - L4","Wipro","Tampines, S00, SG","2025-06-15","","","","","","",False,"","","","","Wipro Limited (NYSE: WIT, BSE: 507685, NSE: WIPRO) is a leading technology services and consulting company focused on building innovative solutions that address clients’ most complex digital transformation needs. Leveraging our holistic portfolio of capabilities in consulting, design, engineering, and operations, we help clients realize their boldest ambitions and build future\\-ready, sustainable businesses. With over 230,000 employees and business partners across 65 countries, we deliver on the promise of helping our customers, colleagues, and communities thrive in an ever\\-changing world. For additional information, visit us at www.wipro.com.**Job Description**
-------------------

**Role Purpose**


The purpose of this role is to design, test and maintain software programs for operating systems or applications which needs to be deployed at a client end and ensure its meet 100% quality assurance parameters

**͏**
-----

**Do**


1\\. Instrumental in understanding the requirements and design of the product/ software

* Develop software solutions by studying information needs, studying systems flow, data usage and work processes
* Investigating problem areas followed by the software development life cycle
* Facilitate root cause analysis of the system issues and problem statement
* Identify ideas to improve system performance and impact availability
* Analyze client requirements and convert requirements to feasible design
* Collaborate with functional teams or systems analysts who carry out the detailed investigation into software requirements
* Conferring with project managers to obtain information on software capabilities
**͏**
-----


2\\. Perform coding and ensure optimal software/ module development


* Determine operational feasibility by evaluating analysis, problem definition, requirements, software development and proposed software
* Develop and automate processes for software validation by setting up and designing test cases/scenarios/usage cases, and executing these cases
* Modifying software to fix errors, adapt it to new hardware, improve its performance, or upgrade interfaces.
* Analyzing information to recommend and plan the installation of new systems or modifications of an existing system
* Ensuring that code is error free or has no bugs and test failure
* Preparing reports on programming project specifications, activities and status
* Ensure all the codes are raised as per the norm defined for project / program / account with clear description and replication patterns
* Compile timely, comprehensive and accurate documentation and reports as requested
* Coordinating with the team on daily project status and progress and documenting it
* Providing feedback on usability and serviceability, trace the result to quality risk and report it to concerned stakeholders
**͏**
-----


3\\. Status Reporting and Customer Focus on an ongoing basis with respect to project and its execution

* Capturing all the requirements and clarifications from the client for better quality work
* Taking feedback on the regular basis to ensure smooth and on time delivery
* Participating in continuing education and training to remain current on best practices, learn new programming languages, and better assist other team members.
* Consulting with engineering staff to evaluate software\\-hardware interfaces and develop specifications and performance requirements
* Document and demonstrate solutions by developing documentation, flowcharts, layouts, diagrams, charts, code comments and clear code
* Documenting very necessary details and reports in a formal way for proper understanding of software from client proposal to implementation
* Ensure good quality of interaction with customer w.r.t. e\\-mail content, fault report tracking, voice calls, business etiquette etc
* Timely Response to customer requests and no instances of complaints either internally or externally
**͏**
-----

**Deliver**

**No.** **Performance Parameter** **Measure**  


1\\. Continuous Integration, Deployment \\& Monitoring of Software 100% error free on boarding \\& implementation, throughput %, Adherence to the schedule/ release plan  


2\\. Quality \\& CSAT On\\-Time Delivery, Manage software, Troubleshoot queries, Customer experience, completion of assigned certifications for skill upgradation  


3\\. MIS \\& Reporting 100% on time MIS \\& report generation  


Mandatory Skills: React JS.  


Experience: 5\\-8 Years.  


Reinvent your world. We are building a modern Wipro. We are an end\\-to\\-end digital transformation partner with the boldest ambitions. To realize them, we need people inspired by reinvention. Of yourself, your career, and your skills. We want to see the constant evolution of our business and our industry. It has always been in our DNA \\- as the world around us changes, so do we. Join a business powered by purpose and a place that empowers you to design your own reinvention. Come to Wipro. Realize your ambitions. Applications from people with disabilities are explicitly welcome.","","https://sg.indeed.com/cmp/Wipro","https://d2q79iu7y748jz.cloudfront.net/s/_squarelogo/256x256/8b2cd63e1e41ba18596880aca0e609bc","http://www.wipro.com","Bengaluru","10,000+","$5B to $10B (USD)","Wipro Limited is a leading technology services and consulting firm focused on building innovative solutions that address clients’ most complex digital transformation needs.","","","","","",""
"in-eec486995cda2275","indeed","https://sg.indeed.com/viewjob?jk=eec486995cda2275","https://www.wshcareer.com/job/mainframe-developer-2/","Mainframe Developer","WSH Experts Pte Ltd","Singapore, S00, SG","2025-06-14","fulltime","","","","","",False,"","","","","### **Job Description**


Code, modify, test, correct and document new and existing programs using assigned languages, tools and coding conventions;  

Code, modify, test, correct and document new and existing JCLs;  

Analyse the program specification to produce all testing condition and produce test data based on identified test conditions;  

Prepare JCL to load DB2 table or define VSAM files with the extracted test data for performing the various tests, eg stress test, regression test, performance test etc. When tested successfully, repeat the process for creating production DB2 \\& VSAM files;  

Prepare and maintain program and system documentation;  

Assist in establishing file structures and processing logic requirements;  

Produce deliverables according to group standards and procedures;  

Assist Project Leaders in the study and design of application systems and work coordination, project management and user training work;  

Troubleshooting and supporting end\\-users in the implementation and maintenance of application systems;  

Train other contract programmers in the relevant skills; Participate in Disaster Recovery activities eg simulation exercises at Disaster Recovery site;


##### **Job Requirement**


Diploma/Degree In Information Technology  

Have at least three (3\\) years' post graduate programming experience on IBM mainframe z/OS and CICS operating environment using TSO, ISPF, COBOL for z/OS, CICS COBOL, JCL and other utilities.  

Have at least three (3\\) years' post graduate hands\\-on programming experience using COBOL for z/OS and CICS COBOL in processing IBM VSAM and sequential files and able to maintain VSAM file structure.  

Have at least three (3\\) years' post graduate working experience in preparing JCL for compilation, linkage and execution of COBOL for z/OS programs, Sort and other IBM Utilities. The 3 years’ working experience must be within the past 3 years timeframe;  

Have at least three (3\\) years' post graduate hands\\-on programming experience using DB2/SQL in COBOL for z/OS and CICS COBOL programs.


  
**Job Overview**
----------------


* Date Posted
June 14, 2025
* Location
Islandwide
* Offered Salary:
$4000 \\- $5000 / month
* Experience
3
* Qualification
Bachelor Degree
* Position Level
Professional
* Number Of Vacancies
1
### **WSH Experts Pte Ltd**","Consulting And Business Services","https://sg.indeed.com/cmp/Wsh-Experts-Pte-Ltd","https://d2q79iu7y748jz.cloudfront.net/s/_squarelogo/256x256/2ce785b19ab4bdfb570f4cd9656ef30d","https://wshexperts.com.sg/web/","80 Bendemeer Rd, #07-05, Singapore 339949","1,001 to 5,000","","","","","","","",""
"in-1e39c2b7071fd4a6","indeed","https://sg.indeed.com/viewjob?jk=1e39c2b7071fd4a6","https://careers.kbr.com/us/en/job/KIVKBRUSR2107754EXTERNALENUS/Senior-Digitalization-Specialist-Microsoft-Power-Platform-Python-Development?utm_source=indeed&utm_medium=phenom-feeds","Senior Digitalization Specialist - Microsoft Power Platform & Python Development","KBR","Kallang, S00, SG","2025-06-13","fulltime","","","","","",False,"","","","","**Title:**


Senior Digitalization Specialist \\- Microsoft Power Platform \\& Python Development
KBR Singapore is seeking a highly skilled Senior Digitalization Specialist to lead digital transformation initiatives using Microsoft Power Platform and Python development. The successful candidate will play a pivotal role in modernizing EPC operations, optimizing project workflows, and implementing innovative digital solutions across various Energy projects.

 **Job Responsibilities:**


Digital Solution Development

* Design, develop, and deploy enterprise\\-grade applications using Microsoft Power Platform (Power Apps, Power Automate, Power BI, Power Virtual Agents)
* Create custom Python applications and automation scripts to support complex engineering and project management workflows
* Integrate Power Platform solutions with existing engineering software and project management tools
* Develop data analytics and visualization solutions to support decision\\-making and performance monitoring across projects

  

Oil \\& Gas EPC Domain Expertise

* Apply a deep understanding of EPC project lifecycles to identify digitalization opportunities across engineering, procurement, and construction phases
* Implement digital solutions for piping design workflows, equipment procurement tracking, construction progress monitoring, and commissioning processes
* Develop custom applications to support HSE (Health, Safety \\& Environment) compliance, quality assurance, and regulatory reporting

  

Process Optimization \\& Automation

* Analyze existing business processes to identify opportunities for digital transformation and automation
* Design and implement workflow automation solutions to reduce manual effort and enhance project efficiency
* Develop automated reporting systems for project KPIs, cost tracking, and schedule management
* Create integration solutions between engineering software (e.g., AutoCAD Plant 3D, PDMS, SmartPlant) and business systems

  

Data Management \\& Analytics

* Design and implement data governance frameworks for project and operational data
* Develop Python\\-based ETL processes to integrate data from multiple sources
* Create advanced analytics and machine learning models to enhance engineering efficiency
* Build comprehensive dashboards and reporting solutions using Power BI to improve stakeholder visibility

 **Job Requirements:**

* Degree in any Engineering discipline
* Minimum of 10 years of professional experience in software development and digitalization
* Expert\\-level proficiency in the Microsoft Power Platform suite (Power Apps, Power Automate, Power BI, Power Virtual Agents)
* Advanced Python programming skills, including experience with frameworks such as Pandas, NumPy, and other data science libraries
* Strong experience with database technologies (SQL Server, Azure SQL, PostgreSQL) and data modeling
* Proficiency in cloud platforms, preferably Microsoft Azure (Logic Apps, Functions, Data Factory)
* Experience with API development and integration patterns
* Knowledge of version control systems (Git), CI/CD pipelines, and DevOps practices
* Minimum of 5 years of experience in the Oil \\& Gas industry, preferably in an EPC environment
* Deep understanding of EPC project lifecycles, engineering workflows, and industry standards
* Familiarity with engineering software commonly used in the Oil \\& Gas sector (AutoCAD, SmartPlant, AVEVA, Bentley MicroStation)
* Familiarity with industry standards and regulations, HSE requirements, and quality standards such as API, ASME, NACE, and ISO
* Familiarity with project management methodologies and tools used in large\\-scale projects","","https://sg.indeed.com/cmp/KBR-066162f8","https://d2q79iu7y748jz.cloudfront.net/s/_squarelogo/256x256/54b4e5fb9302c03b1e4f0355f9712d9b","http://www.kbr.com","Houston, TX","10,000+","$5B to $10B (USD)","We deliver science, technology and engineering solutions to governments and companies around the world.","","","","","",""
"in-41e559b79f2fdaa2","indeed","https://sg.indeed.com/viewjob?jk=41e559b79f2fdaa2","https://careers.stengg.com/job/ST-Engineering-Hub-Cloud-Engineer/1210587001/","Cloud Engineer","ST Engineering","Singapore, S00, SG","2025-06-13","","","","","","",False,"","","","","Job ID: 18625
Location:
ST Engineering Hub, SG
Description:
**About ST Engineering**


**ST Engineering** is a global technology, defence, and engineering group with offices across Asia, Europe, the Middle East, and the U.S., serving customers in more than 100 countries. The Group uses technology and innovation to solve real\\-world problems and improve lives through its diverse portfolio of businesses across the aerospace, smart city, defence, and public security segments. Headquartered in Singapore, ST Engineering ranks among the largest companies listed on the Singapore Exchange.



Our history spans more than 50 years, and our strategy is underpinned by our core values – Integrity, Value Creation, Courage, Commitment and Compassion. These 5 core values guide every aspect of our business and are embedded in our ST Engineering culture – from the people we hire, to working with each other, to our partners and customers.

  


**About our Line of Business – Cloud \\& Data Centre Solutions**



ST Engineering Cloud and Data Centre Solutions Pte Ltd provides all aspects of cloud management, services, and solutions, from initial setup and migration to ongoing operations and optimization. Services include engineering works to design, build and provide facility management service for mission critical environments such data centers, disaster recovery, and business continuity sites.

  


**Together, We Can Make A Significant Impact**



You will be a key technology partner to our customers in the Defence sector to thrive on developing the next breakthrough for the defence and security of Singapore. Working closely with the Solution Architect, Project Manager and Technical Lead, you will be part of a development team to develop, test and deploy system/network infrastructure as part of an overall project implementation.

  

**Be Part of Our Success**


* Resolve incidents within SLA timeframe and perform root cause analysis, finding to solve the problems.
* Escalate unsolvable incident/ problem to the Operation Lead or Service Delivery Manager.
* Escalate to OEM/ vendor / subcontractor for technical support.
* Implement service requests and change requests and complete all requests within SLA timeframe.
* Ensure deployments of approved patches/ releases/ configuration changes for operation system and system software are implemented to change request accordingly.
* Ensure proper backup of the administrated systems and performing system recovery if needed.
* Conduct regular testing to verify configuration or backup data.
* Maintain the configuration of the system.
* Support the integration of new technologies into existing environments.

  

  

**Qualities We Value**


* Minimum 2 years relevant experience.
* Dynamic, customer oriented, diligent attitude with ability to work well in a fast\\-paced environment.
* Good analytical skills with ability to work with others to resolve problems.
* You will learn these technologies in this project, an added advantageous if you know any of them:
* + Vulnerability Management Systems
	+ Reverse Proxy
	+ Patch Repositories (Patch Management, Patch Manager)
	+ AD Infra (MS AD, AWS AD etc)
	+ End Point Protection – Desktop, Clients
	+ Enterprise Backup
	+ Next Generation Firewall
	+ Privilege Access / Identify Management
	+ Infra Automation Platform
	+ AWS full suite
  


  

**Our Commitment That Goes Beyond the Norm**


* An environment where you will be working on cutting\\-edge technologies and architectures.
* Safe space where diverse perspectives are valued, and everyone’s unique contributions are celebrated.
* Meaningful work and projects that make a difference in people’s lives.
* A fun, passionate and collaborative workplace.
* Competitive remuneration and comprehensive benefits.","Industrial Manufacturing","https://sg.indeed.com/cmp/St-Engineering-7","https://d2q79iu7y748jz.cloudfront.net/s/_squarelogo/256x256/993913fb87cf27cc9237888f126d8305","https://www.stengg.com","","","","","","","","","",""
"in-284a773debd5de61","indeed","https://sg.indeed.com/viewjob?jk=284a773debd5de61","https://hdpc.fa.us2.oraclecloud.com/hcmUI/CandidateExperience/en/sites/CX_1/requisitions/preview/149513","Global Banking & Markets, Equities Risk Technology Java Engineer, Analyst/ Associate, Singapore","Goldman Sachs","Singapore, S00, SG","2025-06-13","","","","","","",False,"","","","","Equities Risk Technology is looking for a developer to work on a strategic platform for calculating real\\-time risk for our division. The platform represents a crucial component in day to day work of traders in our Global Banking Markets division to drive real\\-time decision making by traders. The ideal candidate would have experience and interest in building a large scale distributed system that is fast, accurate and highly reliable. They should also have commercial experience in Java. The successful candidate will join a team of talented developers working on this highly visible and prestigious project. The opportunity will appeal to motivated individuals who want to work directly with the trading desks.  



**How will you fulfill your potential?**

* Build a unified world\\-class risk management framework supporting all aspects of trading in various Equities products
* Work directly with Trading, Sales and Strats
* Great opportunity to learn the business while working with a talented group of individuals
Immerse yourself in the world of finance and high technology with low latency demands  
* 

**Basic Qualifications**

* Min. 1 year (for Analyst)/ 3 years (for Associate) of professional Java development experience
* Familiarity with testing tools in Java
* Excellent object oriented analysis and design skills
Strong knowledge of data structures, algorithms, and designing for performance  
* 

**Preferred Qualifications**

* Experience in NoSQL data stores, e.g. Cassandra or MongoDB
* Experience in modern message oriented middleware, e.g. Kafka or RabbitMQ
* Experience in debugging distributed systems
Experience in developing software for Akka or Vertx  
* 

**ABOUT GOLDMAN SACHS**

At Goldman Sachs, we commit our people, capital and ideas to help our clients, shareholders and the communities we serve to grow. Founded in 1869, we are a leading global investment banking, securities and investment management firm. Headquartered in New York, we maintain offices around the world.


We believe who you are makes you better at what you do. We're committed to fostering and advancing diversity and inclusion in our own workplace and beyond by ensuring every individual within our firm has a number of opportunities to grow professionally and personally, from our training and development opportunities and firmwide networks to benefits, wellness and personal finance offerings and mindfulness programs. Learn more about our culture, benefits, and people at GS.com/careers.


We’re committed to finding reasonable accommodations for candidates with special needs or disabilities during our recruiting process. Learn more: https://www.goldmansachs.com/careers/footer/disability\\-statement.html  



© The Goldman Sachs Group, Inc., 2024\\. All rights reserved.


Goldman Sachs is an equal opportunity employer and does not discriminate on the basis of race, color, religion, sex, national origin, age, veterans status, disability, or any other characteristic protected by applicable law.","Banks And Financial Services, Banks And Financial Services","https://sg.indeed.com/cmp/Goldman-Sachs","https://d2q79iu7y748jz.cloudfront.net/s/_squarelogo/256x256/b7ac5861c1a32f420ae39e799363674d","http://www.goldmansachs.com","200 West St.
New York NY, United States 10282","10,000+","more than $10B (USD)","Founded in 1869, the firm is headquartered in New York and maintains offices in all major financial centers around the world.","","","","","",""
"in-257680e5126e2b95","indeed","https://sg.indeed.com/viewjob?jk=257680e5126e2b95","https://careers.amaris.com/jobs/38403","Cloud Architect (AliCloud)","Amaris Consulting","Singapore, S00, SG","2025-06-13","","","","","","",False,"","","","","Who are we?
  
Amaris Consulting is an independent technology consulting firm providing guidance and solutions to businesses. With more than 1000 clients across the globe, we have been rolling out solutions in major projects for over a decade – this is made possible by an international team of 7,600 people spread across 5 continents and more than 60 countries. Our solutions focus on four different Business Lines: Information System \\& Digital, Telecom, Life Sciences and Engineering. We’re focused on building and nurturing a top talent community where all our team members can achieve their full potential. Amaris is your steppingstone to cross rivers of change, meet challenges and achieve all your projects with success.
  
  

At Amaris, we strive to provide our candidates with the best possible recruitment experience. We like to get to know our candidates, challenge them, and be able to give them proper feedback as quickly as possible. Here's what our recruitment process looks like:
  
  

**Brief Call:** Our process typically begins with a brief virtual/phone conversation to get to know you! The objective? Learn about you, understand your motivations, and make sure we have the right job for you!
  
  

Interviews (the average number of interviews is 3 \\- the number may vary depending on the level of seniority required for the position). During the interviews, you will meet people from our team: your line manager of course, but also other people related to your future role. We will talk in depth about you, your experience, and skills, but also about the position and what will be expected of you. Of course, you will also get to know Amaris: our culture, our roots, our teams, and your career opportunities!
  
  

**Case study:** Depending on the position, we may ask you to take a test. This could be a role play, a technical assessment, a problem\\-solving scenario, etc.
  
  

As you know, every person is different and so is every role in a company. That is why we have to adapt accordingly, and the process may differ slightly at times. However, please know that we always put ourselves in the candidate's shoes to ensure they have the best possible experience.
  
We look forward to meeting you!
  
  

Job description
  
ABOUT THE JOB
  
Architect and design scalable, secure, and cost\\-effective cloud solutions using AliCloud
  
Develop technical roadmaps and conduct feasibility and cost studies for cloud migrations
  
Ensure compliance with best practices, security standards, and industry regulations
  
Collaborate with PMOs, development teams, and cybersecurity to integrate cloud solutions
  
Lead and mentor junior architects and developers, providing guidance and support
  
Monitor cloud system performance and optimize resource allocation
  
Research and recommend new technologies aligned with AliCloud advancements
  
Implement DevOps practices and automation tools within the cloud infrastructure
  
ABOUT YOU
  
Experience with cloud architecture on AliCloud (2\\+ years)
  
Strong understanding of cloud networking, security, Active Directory, SSO, and database architecture
  
Experience in designing and implementing scalable, secure, and cost\\-effective solutions
  
Experience in performance monitoring and optimization of cloud environments
  
**Knowledge of scripting:** Python, JavaScript, Bash, or PowerShell
  
Familiarity with DevOps tools such as Jenkins, Git, Terraform, and Chef
  
You have strong communication and leadership skills and enjoy staying up to date with new technologies
  
  

WHY AMARIS?
  
  

At Amaris Consulting, we believe in creating a thriving, positive workplace where every team member can grow, connect, and make a real impact. Here’s what you can expect when you join our dynamic community:
  
  

**Global Diversity:** Be part of an international team of 110\\+ nationalities, celebrating diverse perspectives and collaboration.
  
**Trust and Growth:** With 70% of our leaders starting at entry\\-level, we’re committed to nurturing talent and empowering you to reach new heights.
  
**Continuous Learning:** Unlock your full potential with our internal Academy and over 250 training modules designed for your professional growth.
  
**Vibrant Culture:** Enjoy a workplace where energy, fun, and camaraderie come together through afterworks, networking events, and more.
  
**Meaningful Impact:** Join us in making a difference through our CSR initiatives, including the WeCare Together program, and be part of something bigger.
  
  

Equal Opportunity
  
  

Amaris Consulting is proud to be an equal opportunity workplace. We are committed to promoting diversity within the workforce and creating an inclusive working environment. For this purpose, we welcome applications from all qualified candidates regardless of gender, sexual orientation, race, ethnicity, beliefs, age, marital status, disability, or other characteristics.","Consulting And Business Services","https://sg.indeed.com/cmp/Amaris-Consulting","https://d2q79iu7y748jz.cloudfront.net/s/_squarelogo/256x256/556f3b571e9908371ecfe5855cdc6581","https://amaris.com/","Geneva, Switzerland ","5,001 to 10,000","$500M to $1B (USD)","Amaris Consulting is an independent technology consulting firm providing guidance and solutions to businesses. It gathers more than 7,500 people across 5 continents and more than 60 countries.","","","","","",""
"in-9edc68b3e2a25e0b","indeed","https://sg.indeed.com/viewjob?jk=9edc68b3e2a25e0b","https://JPMorganChase.contacthr.com/147855161","Software Engineer II, Solutions Delivery","JPMorganChase","Singapore, S00, SG","2025-06-13","fulltime","","","","","",False,"","","","","**JOB DESCRIPTION**  

We have an exciting and rewarding opportunity for you to take your software engineering career to the next level.


As a Software Engineer II at JPMorgan Chase within the Commercial and Investment Banking (CIB) Technology\\- Payments Technology team, you are part of an agile team that works to enhance, design, and deliver the software components of the firm’s state\\-of\\-the\\-art technology products in a secure, stable, and scalable way. As an emerging member of a software engineering team, you execute software solutions through the design, development, and technical troubleshooting of multiple components within a technical product, application, or system, while gaining the skills and experience needed to grow within your role.

**Job responsibilities**




* Executes standard software solutions, design, development, and technical troubleshooting
* Writes secure and high\\-quality code using the syntax of at least one programming language with limited guidance
* Designs, develops, codes, and troubleshoots with consideration of upstream and downstream systems and technical implications
* Applies knowledge of tools within the Software Development Life Cycle toolchain to improve the value realized by automation
* Applies technical troubleshooting to break down solutions and solve technical problems of basic complexity
* Gathers, analyzes, and draws conclusions from large, diverse data sets to identify problems and contribute to decision\\-making in service of secure, stable application development
* Learns and applies system processes, methodologies, and skills for the development of secure, stable code and systems
* Adds to team culture of diversity, equity, inclusion, and respect




**Required qualifications, capabilities, and skills**

* Formal training or certification on software engineering concepts and 2\\+ years applied experience
* Bachelor’s Degree in Computer Science or equivalent
* Hands\\-on practical experience in system design, application development, testing, and operational stability
* Experience in developing, debugging, and maintaining code in a large corporate environment with one or more modern programming languages and database querying languages
* Demonstrable ability to code in one or more languages i.e. Java/J2EE, Python, Go, React
* Experience across the whole Software Development Life Cycle
* Exposure to agile methodologies such as CI/CD, Application Resiliency, and Security
* Emerging knowledge of software applications and technical processes within a technical discipline (e.g., cloud, artificial intelligence, machine learning, mobile, etc.)
* Hands\\-on experience with Spring Boot, REST APIs, React, Node, Typescript and relational databases




**Preferred qualifications, capabilities, and skills**




* Familiarity with modern front\\-end technologies
* Exposure to cloud technologies
* Experience working on applications with micro\\-service based architecture


**ABOUT US**  

  

J.P. Morgan is a global leader in financial services, providing strategic advice and products to the world’s most prominent corporations, governments, wealthy individuals and institutional investors. Our first\\-class business in a first\\-class way approach to serving clients drives everything we do. We strive to build trusted, long\\-term partnerships to help our clients achieve their business objectives.  


We recognize that our people are our strength and the diverse talents they bring to our global workforce are directly linked to our success. We are an equal opportunity employer and place a high value on diversity and inclusion at our company. We do not discriminate on the basis of any protected attribute, including race, religion, color, national origin, gender, sexual orientation, gender identity, gender expression, age, marital or veteran status, pregnancy or disability, or any other basis protected under applicable law. We also make reasonable accommodations for applicants’ and employees’ religious practices and beliefs, as well as mental health or physical disability needs. Visit our FAQs for more information about requesting an accommodation.  

  

  

**ABOUT THE TEAM**  

  

J.P. Morgan’s Commercial \\& Investment Bank is a global leader across banking, markets, securities services and payments. Corporations, governments and institutions throughout the world entrust us with their business in more than 100 countries. The Commercial \\& Investment Bank provides strategic advice, raises capital, manages risk and extends liquidity in markets around the world.","","https://sg.indeed.com/cmp/Jpmorganchase-2","https://d2q79iu7y748jz.cloudfront.net/s/_squarelogo/256x256/62e186e96c7550325814ef6880fae379","https://www.jpmorganchase.com/","New York, NY","10,000+","more than $10B (USD)","Headquartered in New York City, JPMorgan Chase is the largest bank in the United States.","","","","","",""
"in-019e2383efc9dd78","indeed","https://sg.indeed.com/viewjob?jk=019e2383efc9dd78","http://sg.indeed.com/job/full-stack-engineer-019e2383efc9dd78","Full Stack Engineer","","Queenstown, S00, SG","2025-06-13","fulltime","","","","","",False,"","","","","We are seeking a talented Full\\-Stack Engineer with a strong frontend focus to join our AI/ML development team in Singapore. This role is designed to support our machine learning engineers and backend services by creating intuitive, powerful interfaces for debugging, monitoring, demonstration, and data management. You will be instrumental in building tools that enhance our AI development workflow and provide clear visibility into our systems.

**Responsibilities**

**Frontend Development (Primary Focus):**

● Develop and maintain debugging interfaces for ML model development and experimentation

● Create monitoring dashboards and observability tools for production AI services

● Build demonstration interfaces and interactive prototypes for AI/ML capabilities

● Design and implement management consoles for system administration and configuration

● Develop data collection interfaces and visualization dashboards

● Customize annotation tools (based on open\\-source platform) and data labeling interfaces for ML training datasets

● Build user\\-friendly frontends for complex backend services and APIs

**Full\\-Stack Support:**

● Collaborate closely with ML engineers to understand requirements and translate them into intuitive interfaces

● Integrate frontend applications with existing Python\\-based backend services

● Assist in backend development tasks when frontend workload permits

● Support DevOps team with development tasks and tooling improvements

**Required Technical Skills**

**Frontend Technologies (Core Requirements):**

● Expert proficiency in TypeScript and JavaScript (ES6\\+)

● Strong experience with React and modern React patterns (Hooks, Context, etc.)

● Proficiency in Next.js framework for production applications

● Familiarity with frontend build tools and bundlers (Webpack, Vite, etc.)

**Integration \\& API Skills:**

● Experience with RESTful API integration and HTTP client libraries

● Understanding of WebSocket connections for real\\-time data

● Knowledge of data fetching patterns and caching strategies

● Experience with API documentation tools (Swagger/OpenAPI)

**Development Tools \\& Practices:**

● Proficiency with Git version control and collaborative development workflows

● Experience with modern development environments and tooling

● Understanding of testing frameworks for frontend applications

● Knowledge of performance optimization techniques for web applications

**Nice\\-to\\-Have Skills**

**Backend Development:**

● Basic Python development capabilities

● Understanding of backend service architecture and API design

● Familiarity with web frameworks like FastAPI or Flask

● Knowledge of database integration and data modeling concepts

**Data \\& Analytics:**

● Experience with Python data analysis libraries (pandas, numpy)

● Familiarity with data visualization libraries (matplotlib, plotly, D3\\.js)

● Understanding of data processing pipelines and ETL concepts

● Experience with Jupyter Notebooks for data exploration

**AI/ML Tools Integration:**

● Experience building interfaces for ML model deployment and monitoring

● Understanding of ML experiment tracking tools (MLflow, Weights \\& Biases, etc.)

● Familiarity with data annotation and labeling workflows

● Knowledge of model versioning and A/B testing interfaces

**Additional Technical Areas:**

● Experience with Docker for development environments

● Understanding of cloud platforms and deployment strategies

● Knowledge of monitoring and logging solutions integration

● Familiarity with CI/CD pipelines and automated testing

**Qualifications**

● Bachelor's degree in Computer Science, Engineering, or related field

● 3\\+ years of experience in frontend development with modern JavaScript frameworks

● Strong problem\\-solving skills and attention to detail

● Excellent communication skills and ability to work collaboratively with technical teams

● Experience working in fast\\-paced, iterative development environments

● Passion for creating user\\-friendly interfaces for complex technical systems

Job Type: Full\\-time

Pay: $8,000\\.00 \\- $12,000\\.00 per month

Work Location: In person","","https://sg.indeed.comNone","","","","","","","","","","","",""
"in-724022094a9f3fe5","indeed","https://sg.indeed.com/viewjob?jk=724022094a9f3fe5","http://sg.indeed.com/job/devops-engineer-724022094a9f3fe5","DevOps Engineer","","Queenstown, S00, SG","2025-06-13","fulltime","","","","","",True,"","","","","We are seeking an experienced DevOps Engineer to join our dynamic team in Singapore. The ideal candidate will be responsible for designing, implementing, and maintaining our cloud infrastructure, CI/CD pipelines, and monitoring systems to ensure high availability, scalability, and security of our services.

**Required Technical Skills**

**Core Programming \\& Frameworks:**

● Proficiency in Python with hands\\-on experience in FastAPI or Flask frameworks

● Strong understanding of RESTful API development and microservices architecture

**Containerization \\& Orchestration:**

● Extensive experience with Docker and Docker Compose

● Container lifecycle management and optimization

**Google Cloud Platform (GCP) Infrastructure:**

● Google Cloud Storage (GCS) automated backup solutions

● Google Container Registry for private Docker repositories

● Google Artifact Registry for private PyPI package management

● Cloud IAM for access control and permission management

● VPC Firewall Rules configuration and network security

● Cloud Load Balancing and Cloud CDN setup

**MySQL/PostgreSQL Database Administration:**

● Database performance monitoring and query optimization

● Disk space management and storage optimization

● Automated backup strategies and data archival/purging policies

● Database maintenance and cleanup procedures

**Logging \\& Observability:**

● Implementation of centralized logging solutions (ELK Stack, Cloud Logging)

● Log aggregation, parsing, and visualization using tools like Grafana, Kibana, or Cloud Monitoring

● Structured logging best practices

**Monitoring \\& Alerting:**

● Performance monitoring setup using Prometheus, Grafana, or Cloud Monitoring

● Application Performance Monitoring (APM) tools integration

● Alert configuration and incident response automation

● SLA/SLO monitoring and reporting

**Message Queue Management:**

● Apache Kafka cluster setup, configuration, and maintenance

● Topic management, partition optimization, and consumer group monitoring

● Kafka Connect and Schema Registry management

**CI/CD Pipeline:**

● Design and implementation of automated deployment pipelines

● GitHub CI/CD integration and pipeline optimization

● Automated testing integration and deployment strategies

● Blue\\-green and canary deployment patterns

**Network \\& Security:**

● Cloudflare Tunnel (cloudflared) configuration and management

● SSH tunneling and secure remote access solutions

● Nginx web server configuration and optimization

● systemd service management and daemon configuration

● Network troubleshooting and performance optimization

**Preferred Additional Skills**

**Container Orchestration:**

● Kubernetes (K8s) deployment and cluster management experience

● Helm charts creation and management

● Pod autoscaling and resource optimization

**Task Management \\& Automation:**

● Python Celery for distributed task queue management

● Cron job centralization and monitoring

● Workflow orchestration tools experience

**Data Analysis \\& Documentation:**

● Jupyter Notebook and pandas for data analysis and reporting

● Data pipeline automation and ETL processes

**Knowledge Management:**

● Experience creating and maintaining internal wikis or runbooks

● Technical documentation and knowledge sharing platforms

● GitBook, Confluence, or similar documentation tools

**Additional Technical Areas (Nice to Have)**

● Redis caching solutions

● Cost optimization and resource management in cloud environments

**Qualifications**

● Bachelor's degree in Computer Science, Engineering, or related field

● 3\\+ years of experience in DevOps, Site Reliability Engineering, or related roles

● Strong problem\\-solving skills and ability to work in a fast\\-paced environment

● Excellent communication skills

● Experience working in Agile/Scrum development environments

Job Type: Full\\-time

Pay: $8,000\\.00 \\- $12,000\\.00 per month

Work Location: In person","","https://sg.indeed.comNone","","","","","","","","","","","",""
"in-92943678a1e26762","indeed","https://sg.indeed.com/viewjob?jk=92943678a1e26762","https://careers.stengg.com/job/ST-Engineering-Hub-Cloud-System-Engineer/1210585201/","Cloud System Engineer","ST Engineering","Singapore, S00, SG","2025-06-13","","","","","","",False,"","","","","Job ID: 18616
Location:
ST Engineering Hub, SG
Description:  

**About ST Engineering**


**ST Engineering** is a global technology, defence, and engineering group with offices across Asia, Europe, the Middle East, and the U.S., serving customers in more than 100 countries. The Group uses technology and innovation to solve real\\-world problems and improve lives through its diverse portfolio of businesses across the aerospace, smart city, defence, and public security segments. Headquartered in Singapore, ST Engineering ranks among the largest companies listed on the Singapore Exchange.

  



Our history spans more than 50 years, and our strategy is underpinned by our core values – Integrity, Value Creation, Courage, Commitment and Compassion. These 5 core values guide every aspect of our business and are embedded in our ST Engineering culture – from the people we hire, to working with each other, to our partners and customers.

  


**About our Line of Business – Cloud \\& Data Centre Solutions**



ST Engineering Cloud and Data Centre Solutions Pte Ltd provides all aspects of cloud management, services, and solutions, from initial setup and migration to ongoing operations and optimization. Services include engineering works to design, build and provide facility management service for mission critical environments such data centers, disaster recovery, and business continuity sites.

  


**Together, We Can Make A Significant Impact**



We are hiring a System Administrator – Cloud Operations \\& Support with hands\\-on experience in Terraform and Red Hat Enterprise Linux (RHEL). This role is ideal for someone who understands infrastructure\\-as\\-code, system hardening, patch management, and compliance in cloud environments.

  


**Be Part of Our Success**


* Deploy and manage cloud infrastructure using Terraform (IAC).
* Support and administer RHEL systems across hybrid environments.
* Perform regular patching and vulnerability remediation in compliance with internal and industry standards.
* Collaborate with cloud, security, and application teams to ensure high availability and compliance.
* Maintain system documentation, configurations, and procedures.
* Participate in audits and ensure infrastructure meets regulatory compliance.

  


**Qualities We Value**


* Strong hands\\-on experience with Terraform for infrastructure provisioning.
* Solid understanding of RHEL administration.
* Minimum 1 year of experience with cloud platforms (AWS, Azure, or GCP).
* Familiarity with patch management, system hardening, and compliance frameworks (e.g., CIS, NIST, ISO27001\\).
* Good team collaboration and documentation skills.
* Strong communication skills (verbal and written).

  


**Our Commitment That Goes Beyond the Norm**


* An environment where you will be working on cutting\\-edge technologies and architectures.
* Safe space where diverse perspectives are valued, and everyone’s unique contributions are celebrated.
* Meaningful work and projects that make a difference in people’s lives.
* A fun, passionate and collaborative workplace.
* Competitive remuneration and comprehensive benefits.","Industrial Manufacturing","https://sg.indeed.com/cmp/St-Engineering-7","https://d2q79iu7y748jz.cloudfront.net/s/_squarelogo/256x256/993913fb87cf27cc9237888f126d8305","https://www.stengg.com","","","","","","","","","",""
"in-a5110c0527c541d0","indeed","https://sg.indeed.com/viewjob?jk=a5110c0527c541d0","https://jobs.sap.com/job/Singapore-Senior-Full-Stack-Developer-%28PythonJavaGo%2C-Machine-LearningKnowledge-Graphs%29-SAP-Labs-Singapore-117440/1203157001/?feedId=118200&utm_source=Indeed&utm_campaign=SAP_Indeed","Senior Full Stack Developer (Python/Java/Go, Machine Learning/Knowledge Graphs) - SAP Labs Singapore","SAP","Queenstown, S00, SG","2025-06-13","fulltime","","","","","",False,"","","","Careers@sap.com","**We help the world run better**

At SAP, we enable you to bring out your best. Our company culture is focused on collaboration and a shared passion to help the world run better. How? We focus every day on building the foundation for tomorrow and creating a workplace that embraces differences, values flexibility, and is aligned to our purpose\\-driven and future\\-focused work. We offer a highly collaborative, caring team environment with a strong focus on learning and development, recognition for your individual contributions, and a variety of benefit options for you to choose from.

 **SUMMARY**


AI Business Services provides strategic machine learning services to infuse intelligence into SAP solutions. Across various focus clusters and building on strong teams, we pioneer game\\-changing solutions in close collaboration with customers \\& partners in industry and research and other SAP units. By exploring unconventional ideas and developing inspiring proofs of concept, we push state\\-of\\-the\\-art computer science and enterprise machine learning.

  

As a Senior Developer of AI Business Services, you will have the unique opportunity to be part of the machine learning team in Singapore. This dynamic, fun, and growth\\-oriented environment provides a vast potential to learn and work on emerging technologies such as Machine Learning, AI, Knowledge Graphs, Cloud, and Big Data. You will be working together with experienced software engineers and machine learning experts to deliver state\\-of\\-the\\-art intelligent services in our cloud ecosystem.

 **THE ROLE**


As part of the Machine Learning and Knowledge Graph team, you will work alongside a group of dedicated experts—including researchers, developers, Knowledge Graph Engineers, DevOps engineers, and architects—to build cutting\\-edge machine learning and knowledge graph pipelines for a diverse set of use cases. Your success will be measured by your ability to deliver scalable, production\\-ready solutions that match or exceed the performance of top\\-tier research prototypes.

  

Your work will involve pushing the frontiers of what is possible in the integration of machine learning with knowledge graphs to create innovative, intelligent systems. You will explore, evaluate, and implement the latest approaches in distributed systems, cloud\\-native technologies, and semantic reasoning to power data\\-rich applications.

  

As a Senior Engineer, you are expected to take full technical ownership of team deliverables, with responsibility for architectural design, code quality, and production readiness. A key part of your role will be to lead the development of Knowledge Graph–related functional services. You will also contribute to the design and implementation of intelligent agents that operate over large\\-scale graph and tabular data.

  

In addition to your technical contributions, you will mentor junior developers and guide best practices in coding, testing, deployment, and performance tuning. You will lead by example in driving engineering excellence, fostering a culture of continuous improvement, automation, and cloud operation maturity.


You understand the business processes that generate and consume data, allowing you to select the most appropriate technologies and evaluate their impact both technically and strategically. You are experienced in


handling multi\\-terabyte datasets in scale\\-up and scale\\-out environments and are capable of translating complex requirements into performant, maintainable, and scalable solutions.

  

You will be responsible for:

* Designing and building production\\-grade Knowledge Graph services and microservices in Python
* Developing intelligent agents that interact with and learn from Knowledge Graphs and other structured data sources
* Working with Kubernetes and cloud infrastructure to ensure reliable and scalable deployment of services
* Exploring and integrating emerging tools and frameworks in ML, semantic technologies, and distributed systems
* Producing high\\-quality, maintainable code with an emphasis on modularity, testing, and performance
* Visualizing and communicating results and insights effectively to both technical and non\\-technical audiences
* Collaborating closely with product owners, designers, and cross\\-functional teams to understand business requirements and deliver impactful solutions
* Mentoring junior engineers, performing code reviews, and contributing to a high\\-performance team culture
* Solving complex integration and performance challenges across systems, often working across time zones in a global team setup

  

You should be comfortable immersing yourself in new topics quickly, working independently and collaboratively, and thriving in an environment where innovation and initiative are highly valued.

 **ROLE REQUIREMENTS**

**Required**

* 8\\-12 years hands\\-on experience in related fields
* Bachelors or Master’s degree in Computer Science, Engineering or equivalent education
* A solid foundation in computer science, with strong competencies in algorithms, data structures, object\\-oriented programming, design patterns, multi\\-threaded programming, and software design principles
* Proficiency in at least two of the server/client\\-side programming languages such as Python, Java, Go
* Strong computer science fundamentals (algorithms, data structures, design patterns) and programming skills (Python, Java, etc). Familiar with best practices for reusability and extensibility
* Proven ability to understand and transform prototypes into productive machine learning systems
* Experience with cloud\\-based application development using Docker \\& Kubernetes
* Experience in building, deploying \\& managing CI/CD pipelines through Jenkins across multiple hyperscaler environments such as AWS, GCP or Azure
* Experience in secure software development life cycle
* Thorough understanding of proven Machine Learning techniques and frameworks (Tensorflow, PyTorch, scikit\\-learn)
* Hands\\-On experience with version control tools such as Github, Bitbucket
* Experience in RESTful implementation, micro\\-service architectures, and container patterns
* In\\-Depth understanding of System Design \\& Software Architecture
* Knowledge on open\\-source cloud frameworks such as OpenStack, Cloudfoundry etc.
* Experience with common software development methodologies (e.g. agile development)
* Able to build strong interpersonal relationships with internal and external stakeholders
* Drive engagement across Architecture, Implementation, Testing, and Delivery of the Product
* Excellent written and communication skills in the English language

 **Preferred**

* Knowledge of Machine Learning fundamentals
* Knowledge Graph fundamentals.
* An understanding of how to apply Machine Learning libraries to train and serve a ML model
* Experience working on data ingestion \\& big data technologies
* Hands\\-on experience in Bash Scripting and operational knowledge of Linux distributions such as SUSE, Ubuntu

  



**Bring out your best**


SAP innovations help more than four hundred thousand customers worldwide work together more efficiently and use business insight more effectively. Originally known for leadership in enterprise resource planning (ERP) software, SAP has evolved to become a market leader in end\\-to\\-end business application software and related services for database, analytics, intelligent technologies, and experience management. As a cloud company with two hundred million users and more than one hundred thousand employees worldwide, we are purpose\\-driven and future\\-focused, with a highly collaborative team ethic and commitment to personal development. Whether connecting global industries, people, or platforms, we help ensure every challenge gets the solution it deserves. At SAP, you can bring out your best.

 **We win with inclusion**


SAP’s culture of inclusion, focus on health and well\\-being, and flexible working models help ensure that everyone – regardless of background – feels included and can run at their best. At SAP, we believe we are made stronger by the unique capabilities and qualities that each person brings to our company, and we invest in our employees to inspire confidence and help everyone realize their full potential. We ultimately believe in unleashing all talent and creating a better and more equitable world.

  

SAP is proud to be an equal opportunity workplace and is an affirmative action employer. We are committed to the values of Equal Employment Opportunity and provide accessibility accommodations to applicants with physical and/or mental disabilities. If you are interested in applying for employment with SAP and are in need of accommodation or special assistance to navigate our website or to complete your application, please send an e\\-mail with your request to Recruiting Operations Team: Careers@sap.com

  

For SAP employees: Only permanent roles are eligible for the SAP Employee Referral Program, according to the eligibility rules set in the SAP Referral Policy. Specific conditions may apply for roles in Vocational Training.

 **EOE AA M/F/Vet/Disability:**


Qualified applicants will receive consideration for employment without regard to their age, race, religion, national origin, ethnicity, age, gender (including pregnancy, childbirth, et al), sexual orientation, gender identity or expression, protected veteran status, or disability.

  

Successful candidates might be required to undergo a background verification with an external vendor.

  

Requisition ID: 423164 \\| Work Area: Software\\-Design and Development \\| Expected Travel: 0 \\- 10% \\| Career Status: Professional \\| Employment Type: Regular Full Time \\| Additional Locations: \\#LI\\-Hybrid.","Internet And Software","https://sg.indeed.com/cmp/SAP","https://d2q79iu7y748jz.cloudfront.net/s/_squarelogo/256x256/d17f7c102a43b1dce3ba341c8dbad2b0","http://jobs.sap.com","Dietmar-Hopp-Allee 16
Walldorf, 69190
Germany","10,000+","more than $10B (USD)","SAP's purpose is to help the world run better and improve people's lives with sustainability at the core.","","","","","",""
"in-1fd4dbfb0df49e2c","indeed","https://sg.indeed.com/viewjob?jk=1fd4dbfb0df49e2c","https://jsv3.recruitics.com/redirect?rx_cid=3427&rx_jobId=200604565_rxr-1&rx_url=https%3A%2F%2Fjobs.apple.com%2Fen-sg%2Fdetails%2F200604565%2Fsoftware-development-engineer-in-test-retail-engineering%3Fboard_id%3DJB001%26rx_campaign%3Dindeed0%26rx_ch%3Djobp4p%26rx_group%3D130795%26rx_job%3D200604565_rxr-1%26rx_medium%3Dcpc%26rx_r%3Dnone%26rx_source%3Dindeed%26rx_ts%3D20250615T103801Z%26rx_vp%3Dcpc%26team%3DSFTWR","Software Development Engineer in Test , Retail Engineering","Apple","Singapore, S00, SG","2025-06-13","","","","","","",False,"","","","","Apple’s Retail \\& Online Stores (R\\&OS) Quality Engineering team is actively seeking a motivated and innovative Software Development Engineer in Test (SDET) who possesses strong problem\\-solving abilities and effective interpersonal skills. This role is ideal for a proactive individual who excels in dynamic environments, thrives on ambiguity, and can collaborate effectively with minimal direct supervision. We are looking for a self\\-motivated teammate who not only flourishes in collaborative environments but also demonstrates initiative and confidence in questioning assumptions. As an integral member of our team, you will be pivotal in developing and maintaining automated test frameworks aimed at optimizing our CI/CD pipeline within our e\\-commerce environment. You will apply your expertise to craft robust tests that ensure the seamless functioning of our platform's continuously evolving features. Your role is essential in ensuring that new features implemented on the Apple online store (www.apple.com/shop (http://www.apple.com/shop)) not only meet functional requirements but also uphold the exceptional standards expected of a thriving eCommerce platform.
  

  

**Description**  

  

Design, develop, and maintain automated test frameworks and suites using Java\\-based frameworks such as JUnit, TestNG to validate backend functionalities of our eCommerce platform. Collaborate closely with software engineers, product managers, and other stakeholders to understand requirements and ensure comprehensive test coverage. Implement and execute test plans and test cases to ensure comprehensive test coverage. Perform API testing using tools like REST Assured to validate data integrity and functionality of backend services. As an automation specialist, you will define requirements and propose solutions to streamline the testing process with a strong commitment to ownership. Engage in in\\-depth technical dialogues with the engineering team, comprehend software workflows and use cases, and ensure the system's testability. Self\\-motivated, able to grasp issues quickly and make educated, critical judgment in the absence of complete requirements. Deliver timely and precise updates on testing status and quality metrics to stakeholders throughout all testing phases, and compile Quality outcomes summary upon project completion. Strong analytical and problem\\-solving skills to effectively debug and resolve complex technical issues. Advocate for superior software testing practices within the team and foster adoption across the organization, promoting software development methodologies that enhance overall software quality. Adaptability to thrive in fast\\-paced environments with frequent context switching.
  

  

**Minimum Qualifications**  

* Bachelor's degree in Computer Science or equivalent field with a minimum of 3\\+ years of professional experience in software development, with a strong emphasis on designing, implementing frameworks / APIs, and tools.
* Solid understanding of software development lifecycle, testing methodologies, QA terminology and processes.
* Experience developing in Java, Python familiar with databases, SQL, and scripting languages.
* Knowledge of build tools, version control (Git), and CI/CD pipelines.
* Deep understanding of automated software testing methodologies and lifecycle, including integration testing, component mocking, and dependency injection.
* Experience in testing API/Web Service, Web and iOS native applications. Hands\\-on experience on Karate, RestAssured, Playwright/Selenium, Appium/XCUI and similar frameworks.

  

**Preferred Qualifications**  

* Proven experience as an SDET or similar role, with a focus on testing eCommerce platforms or large\\-scale web applications.
* Proficiency in programming languages such as Java.
* Analytical, methodical, inquisitive and persistent problem solver committed to driving quality forward.
* Ability to abstract technical details and effectively communicate to audiences at different levels.
* Proficient at balancing multiple efforts simultaneously and meeting strict deadlines.
* Experience with Kubernetes, Docker, AWS services (Lambda, S3, EC2\\), GCP, or Azure for cloud\\-based test execution and infrastructure management.
Exposure to machine learning tools and their integration with automation frameworks.  
* 

  

  

Submit CV","","https://sg.indeed.com/cmp/Apple","https://d2q79iu7y748jz.cloudfront.net/s/_squarelogo/256x256/60c39b87a9a4eaa4df878c716840f84d","http://www.apple.com","Cupertino, CA","10,000+","more than $10B (USD)","This is where you can do the best work of your life.","","","","","",""
"in-a1bbc9c89975996f","indeed","https://sg.indeed.com/viewjob?jk=a1bbc9c89975996f","https://apply.workable.com/j/0336AEFA6C","Back-end Software Engineer (On-site 202506)","Digify","Singapore, S00, SG","2025-06-13","fulltime","","","","","",False,"","","","","Digify is a cloud\\-based document security and data room software that allows customers to control, protect and track important documents after sharing them. Companies use Digify to protect confidential information for fundraising and due diligence, secure intellectual property, and protect sensitive communications.


Digify is used in 138 countries today. We have more than 600,000 users worldwide.  

  

**What You’ll Be Doing:**

* Design, code, and test software
* Maintain existing software systems by identifying and correcting software defects
* Create technical specifications and test plans
* Create, maintain, and extend operational documentation
* Consult with management and colleagues on business requirements
* Explore and develop skills in new software technologies
* Participate in a small, experienced, energetic team on a rapid, agile development schedule

**Requirements**

**Requirements:**

* A degree in Computer Science or Computer Engineering
* Have at least 1 year of post\\-undergraduate experience
* Strong foundation in algorithms
* Knowledge of database concepts is a plus
* Excellent troubleshooting and problem\\-solving skills
* Ability to develop solutions independently
* Adaptability to new designs and requirements
* Eagerness to learn and grow professionally","","https://sg.indeed.com/cmp/Digify","","https://www.digifymena.com","Jeddah","11 to 50","","","","","","","",""
"in-c7aa143af047276f","indeed","https://sg.indeed.com/viewjob?jk=c7aa143af047276f","https://careers.thalesgroup.com/global/en/job/R0266375/Software-Engineer-Android-Kotlin","Software Engineer - Android Kotlin","Thales","Queenstown, S00, SG","2025-06-12","fulltime","","","","","",False,"","","","","Location: SINGAPORE, Singapore
Thales people architect solutions at the heart of the defence\\-security continuum. Interoperable and secure information and telecommunications systems for defence, security, and civil operators, are based upon innovative use of radiocommunications, networks, and cybersecurity. We are ground breaking new digital technologies such as 4G mobile communications, cryptography, cloud computing and big data for use in physical protection systems, and critical information systems.
Thales established its presence in Singapore in 1973 to support the expansion of aerospace\\-related activities in the Asia\\-Pacific region. Throughout the last four decades, the company grew from strength to strength and is today involved in the primary businesses of Aerospace (including Air Traffic Management), Defence \\& Security, Ground Transportation and Digital Identity \\& Security. Thales today employs over 2,100 people in Singapore across all its business areas.**As a** **Software Engineer,** **you are accountable for:**

* Be part of the Security Development team to build innovative Security solutions for Homeland Security, Smart Cities and Critical Infrastructures.
* Be responsible for the technical/solution designs, code development, and component test execution to demonstrate alignment to the product/functional specification of the solution.
* Develop and demonstrate a broad set of technology skills in web application technologies, micro service design patterns, Open Source libraries and frameworks, and technology architecture concepts.
* Collaborate with product/solution architects to create, implement and maintain the product/solution development roadmap.
* Be the main contact point to represent the team, join agile ceremonies and communicate effectively with other development teams and product management team.
* Ensure all work adheres to Thales software development methodologies and processes
* Thoroughly document design to ensure the usability, supportability and maintainability of the developed
* Perform sub\\-system installation, configuration and integration to support Proof\\-Of\\-Concept (POC)/demo.

 **KEY KNOWLEDGE AND EXPERIENCE**

**To be successful in your role, you will have demonstrated and/or acquired the following knowledge and experience:**

**Experience required:**

* 3\\+ years of hands\\-on experience of full web application development lifecycle of scalable micro\\-services\\-based architectures; including tools, best practices, continuous deployment, dependency/complexity management, scale/performance tuning, monitoring, resiliency, etc.
* Experience in SCRUM/Agile software development methodologies
* Strong knowledge of architectural styles and design patterns is good\\-to\\-have

**Programming languages/frameworks/Technologies:**

* Proficiency in Go Language, various Go frameworks and tools
* Proficiency in building responsive layouts with CSS and HTML5
* Proficiency in building complex Angular applications with Typescript
* Experience with Android (Kotlin)
* Familiar with database technologies such as Postgresql and ClickHouse
* Familiar with MQ and Apache Kafka
* Unit\\-test code for robustness, including edge cases, usability, and general reliability
* Strong knowledge in version control using GIT
* Maintain the CI/CD pipeline and familiar with Kubernetes. Knowledge about Ansible is good\\-to\\-have.
* Knowledge about Mapbox SDK (Android or iOS) is good\\-to\\-have.

**Behaviour:**

* Good communication skills and team\\-works
* Analytical and problem\\-solving skills


At Thales we provide CAREERS and not only jobs. With Thales employing 80,000 employees in 68 countries our mobility policy enables thousands of employees each year to develop their careers at home and abroad, in their existing areas of expertise or by branching out into new fields. Together we believe that embracing flexibility is a smarter way of working. Great journeys start here, apply now!","","https://sg.indeed.com/cmp/Thales","https://d2q79iu7y748jz.cloudfront.net/s/_squarelogo/256x256/204b0bf62d3daaa19cb2991aca046585","https://www.thalesgroup.com","Paris","10,000+","more than $10B (USD)","From aerospace, space and defence to security and transportation, Thales helps its customers to build a safer, greener, more inclusive future we can all trust.","","","","","",""
"in-f942fb668db5a493","indeed","https://sg.indeed.com/viewjob?jk=f942fb668db5a493","https://careers.a-star.edu.sg/JobDetails.aspx?ID%3dGwHXXsfRefAKkHFhx%2b9tVg%3d%3d","Cloud Engineer, EDDC","Agency for Science, Technology and Research (A*STAR)","Buona Vista, S00, SG","2025-06-12","fulltime","","","","","",False,"","","","","We are seeking a skilled Cloud Engineer to support our server\\-to\\-cloud migration on an 18\\-month contract, with the possibility of extension based on project needs and performance. The successful candidate will play a key role in implementing and configuring cloud solutions that meet the organisational and security requirements, while collaborating closely with cross\\-functional teams.
  
  

**Key Responsibilities:**  

Assist in the design, deployment, and configuration of cloud infrastructure on platforms like AWS or Azure
  
Support cloud migration efforts, including data, applications, and services
  
Perform routine server management tasks, including patching, security reviews, and performance monitoring across cloud and on\\-premises environments
  
Monitor system performance and troubleshoot issues during and post\\-deployment
  
Collaborate with security, development, and operations teams to ensure a secure and compliant environment
  
Maintain documentation of cloud architecture, configurations, and processes
  
Provide knowledge transfer and training to internal staff if required
  
  

**Required Skills:**  

Proven experience in cloud migration projects
  
Minimum of 3 years' experience in cloud engineering or systems administration
  
Hands\\-on experience with at least one major cloud platform (e.g., AWS, Azure)
  
Good understanding of cloud networking, security groups, and monitoring tools
  
  

**Preferred Skills:**  

Experience with CI/CD pipelines, containers (Docker, Kubernetes), and DevOps practices
  
Knowledge of cloud backup solutions, disaster recovery planning, and cost optimisation strategies
  
Strong communication and stakeholder management skills
  
Ability to collaborate across diverse teams, build consensus, and manage competing priorities
  
Adaptability, proactive problem\\-solving, and a customer\\-oriented mindset
  
Relevant cloud certification (e.g., AWS Certified SysOps Administrator, Azure Administrator Associate)
  
The above eligibility criteria are not exhaustive. A\\*STAR may include additional selection criteria based on its prevailing recruitment policies. These policies may be amended from time to time without notice. We regret that only shortlisted candidates will be notified.
  
**Type of Employment :** Full\\-Time
  
**Minimum Experience :** 3 Years
  
**Work Location :** Biopolis","Organization","https://sg.indeed.com/cmp/Agency-For-Science,-Technology-and-Research-(a*star)","https://d2q79iu7y748jz.cloudfront.net/s/_squarelogo/256x256/be91d4739a45b689b25882a194dff280","https://www.a-star.edu.sg","Singapore","5,001 to 10,000","","","","","","","",""
"in-dc3bcc1843026bf4","indeed","https://sg.indeed.com/viewjob?jk=dc3bcc1843026bf4","https://careers.thalesgroup.com/global/en/job/R0282849/Software-Frontend-Engineer-AIR-Lab","Software Frontend Engineer (AIR Lab)","Thales","Changi, S00, SG","2025-06-12","fulltime","","","","","",False,"","","","","Location: Singapore, Singapore
Thales people architect solutions that are relied upon to deliver operational advantage at every decisive moment throughout the mission. Defence and armed forces customers rely on us to deliver the full range of defensive systems for land, sea, and air. From early warning, to threat neutralisation, our platforms cover all levels from very short\\-range systems, to extended protection across the entire battle\\-space including Airspace Mobility Solutions, Vehicles and Tactical Systems and Missile Defence, Optronics, and Radar.
Thales established its presence in Singapore in 1973 to support the expansion of aerospace\\-related activities in the Asia\\-Pacific region. Throughout the last four decades, the company grew from strength to strength and is today involved in the primary businesses of Aerospace (including Air Traffic Management), Defence \\& Security, Ground Transportation and Digital Identity \\& Security. Thales today employs over 2,100 people in Singapore across all its business areas.**ROLE DESCRIPTION SUMMARY**


As a Frontend Software Engineer with Backend development experience at AIR Lab, you will thrive if you have a passion for coding, designing, and engaging in discussions about Frontends, UI/UX and HMIs in general, but with some capacity to understand and develop backend services. You take pride in both the quality of your technical implementations and the overall delivery. You enjoy collaborating with a diverse team, bringing together various ethnic and cultural perspectives.


You are eager to dive deep into technical challenges, identify solutions, and effectively communicate your findings, helping the team learn and grow. You are enthusiastic about exploring new technologies and finding innovative ways to apply your knowledge. You also inspire and motivate your teammates to embrace continuous learning and take an active role in all aspects of engineering activities at AIR Lab.

**KEY ACTIVITIES AND RESPONSIBILITIES**

**As a** **Software Frontend Engineer****, you are accountable for:**

* Design and build user interfaces that are responsive, scalable and innovative.
* Implement features and associated automated unit and integration tests. If appropriate implement security and load tests.
* Improve the UI frameworks and associated tests frameworks to increase productivity and quality.
* Improve and maintain the total cost of UI components; this activity includes raising efficiencies around FinOps, CloudOps.
* Work with the architects to effect best practices to the engineering organization.
* Write and review the necessary technical and functional documentation in documentation repositories (e.g., backstage.io, JIRA, READMEs).
* Work in an agile, cross\\-functional multinational team, actively supporting the team's success.

 **KEY KNOWLEDGE AND EXPERIENCE**

**To be successful in your role, you will have demonstrated and/or acquired the following knowledge and experience:**

**Education**

* Bachelor's degree in Computer Science or Information Technology with a minimum of 3 years of related working experience.
* Master's degree in Computer Science or Data Science, if applicable

**Essential Skills/Experience**

* Working knowledge of designing and building software applications using:
	+ Typescript
	+ React and React state management libraries (e.g. Zustand or Redux)
	+ GraphQL
	+ Geospatial data visualization framework (e.g. DeckGL, Cesium, MapBox…)
	+ CSS frameworks (e.g. Tailwind)
	+ Unit testing tools (e.g. vitests, playwright)
	+ Vite (or other build tool chains like NextJS)
* Proficiency in distributed source code management tools like GitLab, Github and practice GitOps

**Desirable Skills/Experience**

* Familiar with development and deployment technologies for cloud (e.g., Azure Cloud, AWS, GCP), Kubernetes and container workloads (e.g., Kaniko, Docker) in general.
* Full stack development knowledge (Spring Boot, Web/Webflux, Kafka, Data, Security), Kotlin language, Kafka streams
* Working knowledge of designing application with a “shift\\-left” cybersecurity approach.
* Working knowledge of other languages (e.g., Python3, Scala2 or Scala3, Go, TypeScript, C, C\\+\\+17, Java17\\)
* Familiar with cloud deployment models (e.g., public, private, community and hybrid) and service models (Software as a Service, Platform as a Service and Infrastructure as a Service).

**Essential / Desirable Traits**

* Possess learning agility, flexibility and pro\\-activity
* Comfortable with agile teamwork and user engagement

**YOUR CAREER AT THALES**  

  

Future opportunities will allow you to discover other domains or sites. You will be able to evolve and grow your competencies in different areas:


* Room and attention to personal development
* Build your talents in another domain of Thales Group, discovering new products, new customers, new country or go to a more complex Solution.
* Choose between a technical expertise or a leadership path
* Build an international career within a leading Engineering Group


At Thales we provide CAREERS and not only jobs. With Thales employing 80,000 employees in 68 countries our mobility policy enables thousands of employees each year to develop their careers at home and abroad, in their existing areas of expertise or by branching out into new fields. Together we believe that embracing flexibility is a smarter way of working. Great journeys start here, apply now!","","https://sg.indeed.com/cmp/Thales","https://d2q79iu7y748jz.cloudfront.net/s/_squarelogo/256x256/204b0bf62d3daaa19cb2991aca046585","https://www.thalesgroup.com","Paris","10,000+","more than $10B (USD)","From aerospace, space and defence to security and transportation, Thales helps its customers to build a safer, greener, more inclusive future we can all trust.","","","","","",""
"in-345e6f923f7b477d","indeed","https://sg.indeed.com/viewjob?jk=345e6f923f7b477d","https://jobs.booking.com/booking/jobs/19997/job?utm_source=indeed_integration&iis=Job%20Board&iisn=Indeed&indeed-apply-token=73a2d2b2a8d6d5c0a62696875eaebd669103652d3f0c2cd5445d3e66b1592b0f","Software Engineer II - Business Travel","Booking.com","Singapore, S00, SG","2025-06-12","fulltime","","","","","",True,"","","","","Role Description:

Software Engineer II

  

About Us: At Booking.com, data drives our decisions. Technology is at our core. And innovation is everywhere. But our company is more than datasets, lines of code or A/B tests. We’re the thrill of the first night in a new place. The excitement of the next morning. The friends you encounter. The journeys you take. The sights you see. And the memories you make. Through our products, partners and people, we make it easier for everyone to experience the world.

  

Leadership/Team Quote:


Booking.com for Business helps companies thrive in a world of ever changing business travel needs. The development teams in Singapore are responsible for shaping the future of business travel for small businesses in cooperation with teams located in New Zealand, India, China and The Netherlands. Located within an “incubator” at Booking, the successful candidate will be responsible for building the culture and team, shaping the way that we work together and with our partners.

  

Please note: some travel to New Zealand and the US is required throughout the year.

  

Key Job Responsibilities and Duties ：


As a Software Developer, you are responsible for the development, performance, and scaling of our public website as well as internal systems. You will work independently and will also be responsible for making technical decisions within a team.


Important aspects of the job include:

* Rapidly developing next\\-generation scalable, flexible, and high\\-performance systems.
* Solving issues with the site and internal systems, prioritizing based on customer impact
* Acting as an intermediary for problems, with both technical and non\\-technical audiences
* Testing; we run thousands of experiments running at one time. We built one of the most advanced A/B testing platforms in the industry.
* Contributing to the growth of Booking.com through interviewing, on\\-boarding, or other recruitment efforts

  

Qualifications \\& Skills:


We are looking for driven Developers who enjoy solving problems, who initiate solutions and discussions and who believe that any challenge can be scaled with the right attitude and tools.


We have found that people who match the following requirements are the ones who fit us best:

* Minimum of 3 years software development experience; using 2 or more server side programming languages.
* Previous experience with distributed systems
* Hands on experience of developing in and contributing to open source data technologies, such as Hadoop
* Proven experience with MySQL and PostgreSQL or similar relational databases
* Experience of working on products that impact a large customer base is an advantage
* Preferably a university degree in Mathematics or Software Engineering
* Fluent English communication

  

Benefits \\& Perks \\- Global Impact, Personal Relevance:

  

Booking.com’s Total Rewards Philosophy is not only about compensation but also about benefits. We offer a competitive compensation and benefits package, as well unique\\-to\\-Booking.com benefits which include:

* Annual paid time off and generous paid leave scheme including: parent, grandparent, bereavement, and care leave
* Hybrid working including flexible working arrangements, and up to 20 days per year working from abroad (home country)
* Industry leading product discounts \\- up to 1400 per year \\- for yourself, including automatic Genius Level 3 status and Booking.com wallet credit

  

Inclusion at Booking.com:

  

Inclusion has been a core part of our company culture since day one. This ongoing journey starts with our very own employees, who represent over 140 nationalities and a wide range of ethnic and social backgrounds, genders and sexual orientations.

  

Take it from our Chief People Officer, Paulo Pisano: “At Booking.com, the diversity of our people doesn’t just build an outstanding workplace, it also creates a better and more inclusive travel experience for everyone. Inclusion is at the heart of everything we do. It’s a place where you can make your mark and have a real impact in travel and tech.”

  

We ensure that colleagues with disabilities are provided the adjustments and tools they need to participate in the job application and interview process, to perform crucial job functions, and to receive other benefits and privileges of employment.

  

Application Process:

* Let’s go places together: How we Hire
* This role does not come with relocation assistance.

  

Booking.com is proud to be an equal opportunity workplace and is an affirmative action employer. All qualified applicants will receive consideration for employment without regard to race, color, religion, gender, gender identity or expression, sexual orientation, national origin, genetics, disability, age, or veteran status. We strive to move well beyond traditional equal opportunity and work to create an environment that allows everyone to thrive.","","https://sg.indeed.com/cmp/Booking.com","https://d2q79iu7y748jz.cloudfront.net/s/_squarelogo/256x256/c98482db20efe1c5bc6466b4338859ec","https://www.booking.com/","Amsterdam","10,000+","more than $10B (USD)","Making it easier for everyone to experience the world.","","","","","",""
"in-f06ec5c5f4a813ce","indeed","https://sg.indeed.com/viewjob?jk=f06ec5c5f4a813ce","https://click.appcast.io/track/n6j5y3y-org?cs=hqw","Solutions Architect, Cloud Services","NVIDIA","Singapore, S00, SG","2025-06-12","fulltime","","","","","",False,"","","","","Join us at NVIDIA as a Cloud Services Solutions Architect and help our customers and partners adopt end\\-to\\-end AI solutions in the cloud! As a Solutions Architect, you’ll design, configure and deploy AI Training and Inference solutions in Public Clouds, as well as in Private Clouds based on groundbreaking NVIDIA technology. You'll work with customers and partners to deploy and operationalize AI at scale by driving adoption for end\\-to\\-end Machine Learning and Deep Learning solutions in the cloud. If you are enthusiastic about projects that push the boundaries and mix latest Cloud technologies with revolutionary AI platforms, then read on!

 **What you'll be doing:**

* Build and deploy AI/ML solutions at scale using NVIDIA's AI software on cloud\\-based GPU platforms
* Using your skills in AI, MLOps, ML engineering, DevOps, Kubernetes, and orchestration to deploy hybrid solutions
* Work as customer technical specialist to address customer workload, security \\& privacy and architectural requirements and seek their technical challenges
* Deliver customer on\\-boarding sessions and technical and architecture presentations with NVIDIA AI, Cloud and Networking technologies
* Run and own Proof of Concepts (PoCs), introducing NVIDIA Cloud Solutions and integrating them to new and existing accounts
* Debug SW issues, provide solutions to customers and report of bugs to NVIDIA’s product organization
* Work with NVIDIA’s product and architecture teams by providing customer requirements, feedback and prioritization

 **What we need to see:**

* 8\\+ years of foundational expertise in Engineering, Computer Science, Data Science, or a related field
* Master’s Degree or Ph.D within Computer Science, Computer Engineering or similar field, or comparable work experience
* 3\\+ years of working experience in DevOps roles in the areas of Cloud Computing, Cluster Orchestration or AI Workloads
* Substantial experience in an IT role or alike for HPC or large scale AI systems
* In depth knowledge with orchestration platforms like Kubernetes, SLURM or OpenShift
* Expertise in Deep Learning and Machine Learning, with experience using deep learning frameworks such as TensorFlow or PyTorch
* Ideal candidate should understand how AI and HPC workloads interact with both HW and SW infrastructure
* Strong written and oral communication skills with the ability to optimally collaborate with customers, management and engineering
* Strong time\\-management and organization skills for coordinating multiple initiatives, priorities and implementations of new technology and products into very complex projects
* Strong analytical and problem\\-solving skills
* Good verbal communication and presentation skills in English

 **Ways to stand out from the crowd:**

* Working experience with major or tier\\-2 cloud service providers (such as AWS, GCP and Azure), or with AI Datacenter Providers or HPC Datacenters
* Experience with AI frameworks and tools on GPUs
* Ability and wiliness to travel to end customers

  

NVIDIA is widely considered to be one of the technology world’s most desirable employers with very competitive benefits. We have some of the most forward\\-thinking and innovative people in the world working for us. If you're creative and autonomous, we want to hear from you!","","https://sg.indeed.com/cmp/Nvidia","https://d2q79iu7y748jz.cloudfront.net/s/_squarelogo/256x256/9cda2ebf26905efa812e1a5315c7a53d","http://www.nvidia.com","Santa Clara, CA","10,000+","$5B to $10B (USD)","Bringing superhuman capabilities to some of the world's toughest problems.","","","","","",""
"in-ae323e2dcfce1f9a","indeed","https://sg.indeed.com/viewjob?jk=ae323e2dcfce1f9a","https://www.virtusa.com/careers/sg/tanjong-pagar/others/full-stack-engineer/creq223150?jobid=CREQ223150-1827150697&source=Indeed","Full Stack Engineer","Virtusa","Tanjong Pagar, S00, SG","2025-06-04","fulltime","","","","","",False,"","","","","Key Responsibilities
  

Backend Technologies: NodeJs, ExpressJS, MeteorJS, NestJs Python, Django, Flask, OAuth2\\.0, AWS Lambda, Redis, Docker, RabbitMQ, JSON, Elasticsearch, Unix, Serverless, Pandas, NumPy
  

Frontend Technologies: ReactJs, NextJs, Redux, Redux\\-ToolKit, React Router, Javascript, Typescript, RestAPI, GraphQL, HTML, HTML5, CSS, SCSS, JSX, ES6, Bootstrap, JWT, React Test, Jest, Axios
  

  

Design, build, integrate, test, and maintain complex software components
  

Build prototypes and design system architectures to demonstrate technology opportunities
  

Adopt design thinking and customer\\-oriented approach such as agile software development practices to manage and deliver quality solutions
  

Harness emerging technologies such as Artificial Intelligence to deliver business value and enhance service experience
  

Work with other UX designers, developers and engineers to deliver enterprise engineering products in an exciting and fast\\-paced environment
  

Deliver technical consultancy and expertise in the systems development process, contributing to defining technical specifications, configuring and testing solutions
  

  

Required Skills and Qualifications:
  

Relevant qualifications in Computer Science, Information Systems, Computer Engineering, or related fields
  

Good knowledge of agile development, DevOps and cloud technologies
  

Experience in modern web and application technologies/stack (e.g. Nuxt, Node JS, Angular, React JS, Go)
  

Experience in architecting and developing solutions to complex and ambiguous problems
  

Passion for tech and curiosity in learning new technologies
  

Excellent analytical and problem\\-solving skills
  

Strong communication and interpersonal skills to collaborate with key stakeholders at all levels  

**About Virtusa**



Teamwork, quality of life, professional and personal development: values that Virtusa is proud to embody. When you join us, you join a team of 27,000 people globally that cares about your growth — one that seeks to provide you with exciting projects, opportunities and work with state of the art technologies throughout your career with us.



Great minds, great potential: it all comes together at Virtusa. We value collaboration and the team environment of our company, and seek to provide great minds with a dynamic place to nurture new ideas and foster excellence.



Virtusa was founded on principles of equal opportunity for all, and so does not discriminate on the basis of race, religion, color, sex, gender identity, sexual orientation, age, non\\-disqualifying physical or mental disability, national origin, veteran status or any other basis covered by appropriate law. All employment is decided on the basis of qualifications, merit, and business need.","","https://sg.indeed.com/cmp/Virtusa","https://d2q79iu7y748jz.cloudfront.net/s/_squarelogo/256x256/e84ecd092bb1b6cc1b1585d0caabae23","https://www.virtusa.com","Westborough, MA","10,000+","$1B to $5B (USD)","","","","","","",""
"in-7da6f977b3494ed7","indeed","https://sg.indeed.com/viewjob?jk=7da6f977b3494ed7","https://www.virtusa.com/careers/sg/tanjong-pagar/others/full-stack-engineer/creq219607?jobid=CREQ219607-1826410579&source=Indeed","Full Stack Engineer","Virtusa","Tanjong Pagar, S00, SG","2025-04-23","fulltime","","","","","",False,"","","","","Required Skills and Qualifications:  

Relevant qualifications in Computer Science, Information Systems, Computer Engineering, or related fields  

Good knowledge of agile development, DevOps and cloud technologies  

Experience in modern web and application technologies/stack (e.g. Nuxt, Node JS, Angular, React JS, Go)  

Experience in architecting and developing solutions to complex and ambiguous problems  

Passion for tech and curiosity in learning new technologies  

Excellent analytical and problem\\-solving skills  

Strong communication and interpersonal skills to collaborate with key stakeholders at all levels

**About Virtusa**



Teamwork, quality of life, professional and personal development: values that Virtusa is proud to embody. When you join us, you join a team of 27,000 people globally that cares about your growth — one that seeks to provide you with exciting projects, opportunities and work with state of the art technologies throughout your career with us.



Great minds, great potential: it all comes together at Virtusa. We value collaboration and the team environment of our company, and seek to provide great minds with a dynamic place to nurture new ideas and foster excellence.



Virtusa was founded on principles of equal opportunity for all, and so does not discriminate on the basis of race, religion, color, sex, gender identity, sexual orientation, age, non\\-disqualifying physical or mental disability, national origin, veteran status or any other basis covered by appropriate law. All employment is decided on the basis of qualifications, merit, and business need.","","https://sg.indeed.com/cmp/Virtusa","https://d2q79iu7y748jz.cloudfront.net/s/_squarelogo/256x256/e84ecd092bb1b6cc1b1585d0caabae23","https://www.virtusa.com","Westborough, MA","10,000+","$1B to $5B (USD)","","","","","","",""
"li-4166380253","linkedin","https://www.linkedin.com/jobs/view/4166380253","","Frontend Software Engineer, Data Platform - 2025 Start","TikTok","Singapore, Singapore","2025-06-14","","","","","","",False,"","","","","","","https://www.linkedin.com/company/tiktok","","","","","","","","","","","",""
"li-4166376719","linkedin","https://www.linkedin.com/jobs/view/4166376719","","Frontend Software Engineer, Data Platform - 2025 Start","TikTok","Singapore, Singapore","2025-06-14","","","","","","",False,"","","","","","","https://www.linkedin.com/company/tiktok","","","","","","","","","","","",""
"li-4250960308","linkedin","https://www.linkedin.com/jobs/view/4250960308","","Junior Java Software Engineer","TapTalent.ai","Singapore, Singapore","2025-06-14","","","","","","",False,"","","","","","","https://sg.linkedin.com/company/taptalent-ai","","","","","","","","","","","",""
"li-4248829077","linkedin","https://www.linkedin.com/jobs/view/4248829077","","Software Engineer, Infrastructure","Meta","","2025-06-14","","","","","","",False,"","","","","","","https://www.linkedin.com/company/meta","","","","","","","","","","","",""
"li-4118298282","linkedin","https://www.linkedin.com/jobs/view/4118298282","","Global Banking & Markets, Java Engineer, Analyst/ Associate, Singapore","Goldman Sachs","","2025-06-14","","","","","","",False,"","","","","","","https://www.linkedin.com/company/goldman-sachs","","","","","","","","","","","",""
"li-4076514048","linkedin","https://www.linkedin.com/jobs/view/4076514048","","Backend Software Engineer , TikTok Server Arch Platform (Singapore) - 2025 Start","TikTok","Singapore, Singapore","2025-06-14","","","","","","",False,"","","","","","","https://www.linkedin.com/company/tiktok","","","","","","","","","","","",""
"li-4250200470","linkedin","https://www.linkedin.com/jobs/view/4250200470","","Back-end Software Engineer (On-site 202506)","Digify","Singapore, Singapore","2025-06-13","","","","","","",False,"","","","","","","https://sg.linkedin.com/company/digify","","","","","","","","","","","",""
"li-4245424560","linkedin","https://www.linkedin.com/jobs/view/4245424560","","Software Engineer 2","PayPal","Singapore, Singapore","2025-06-13","","","","","","",False,"","","","","","","https://www.linkedin.com/company/paypal","","","","","","","","","","","",""
"li-4205515912","linkedin","https://www.linkedin.com/jobs/view/4205515912","","Software Engineer Intern","Thales","Singapore, Singapore","2025-06-13","","","","","","",False,"","","","","","","https://fr.linkedin.com/company/thales","","","","","","","","","","","",""
"li-4248586476","linkedin","https://www.linkedin.com/jobs/view/4248586476","","Frontend Developer","Glints","Batam, Riau Islands, Indonesia","2025-06-13","","","","","","",False,"","","","","","","https://sg.linkedin.com/company/glints","","","","","","","","","","","",""
"li-4248919823","linkedin","https://www.linkedin.com/jobs/view/4248919823","","Backend Software Engineer, Global E-commerce (Global Selling)","TikTok","Singapore, Singapore","2025-06-13","","","","","","",False,"","","","","","","https://www.linkedin.com/company/tiktok","","","","","","","","","","","",""
"li-4248763436","linkedin","https://www.linkedin.com/jobs/view/4248763436","","Software Engineer","Transcelestial","Singapore, Singapore","2025-06-13","","","","","","",False,"","","","","","","https://sg.linkedin.com/company/transcelestial","","","","","","","","","","","",""
"li-4248920388","linkedin","https://www.linkedin.com/jobs/view/4248920388","","Backend Software Engineer - Global E-commerce (Global Selling)","TikTok","Singapore, Singapore","2025-06-13","","","","","","",False,"","","","","","","https://www.linkedin.com/company/tiktok","","","","","","","","","","","",""
"li-4248560687","linkedin","https://www.linkedin.com/jobs/view/4248560687","","(Back-End) Developer","CloudMile","Singapore, Singapore","2025-06-13","","","","","","",False,"","","","","","","https://sg.linkedin.com/company/cloudmile","","","","","","","","","","","",""
"li-4248563778","linkedin","https://www.linkedin.com/jobs/view/4248563778","","(Front-End) Developer","CloudMile","Singapore, Singapore","2025-06-13","","","","","","",False,"","","","","","","https://sg.linkedin.com/company/cloudmile","","","","","","","","","","","",""
"li-4248522295","linkedin","https://www.linkedin.com/jobs/view/4248522295","","Frontend Software Engineer (Payment), TikTok Live - Singapore","TikTok","Singapore, Singapore","2025-06-12","","","","","","",False,"","","","","","","https://www.linkedin.com/company/tiktok","","","","","","","","","","","",""
"li-4248525053","linkedin","https://www.linkedin.com/jobs/view/4248525053","","Frontend Software Engineer (Payment) - TikTok Live - Singapore","TikTok","Singapore, Singapore","2025-06-12","","","","","","",False,"","","","","","","https://www.linkedin.com/company/tiktok","","","","","","","","","","","",""
"li-4167903087","linkedin","https://www.linkedin.com/jobs/view/4167903087","","Software Engineer (Information)","DSO National Laboratories","Singapore, Singapore","","","","","","","",False,"","","","","","","https://sg.linkedin.com/company/dso-national-laboratories","","","","","","","","","","","",""
"li-4078681577","linkedin","https://www.linkedin.com/jobs/view/4078681577","","Frontend Software Engineer Intern - TikTok Live - 2025 Start","TikTok","Singapore, Singapore","","","","","","","",False,"","","","","","","https://www.linkedin.com/company/tiktok","","","","","","","","","","","",""
"li-4248875681","linkedin","https://www.linkedin.com/jobs/view/4248875681","","Programmer","Ectivise Solutions Pte Ltd","Singapore, Singapore","","","","","","","",False,"","","","","","","https://sg.linkedin.com/company/ectivise-solutions-pte-ltd","","","","","","","","","","","",""
